{
  "id": "57feec35-391f-4b0c-9db4-041b2a4c0cc3",
  "generation": 1,
  "iteration": 3,
  "current_iteration": 30,
  "metrics": {
    "runs_successfully": 1.0,
    "overall_score": 0.5,
    "combined_score": 0.2608695652173913,
    "avg_failures_per_task": 2.8333333333333335,
    "total_failures": 17.0,
    "successful_runs": 6.0
  },
  "language": "python",
  "timestamp": 1754655326.7407563,
  "saved_at": 1754655607.4328532
}