{
  "id": "d3de1173-4dcb-4967-bbd3-23c40da3e965",
  "generation": 4,
  "iteration": 71,
  "current_iteration": 80,
  "metrics": {
    "runs_successfully": 1.0,
    "overall_score": 0.5,
    "combined_score": 0.37499999999999994,
    "avg_failures_per_task": 1.6666666666666667,
    "total_failures": 10.0,
    "successful_runs": 6.0
  },
  "language": "python",
  "timestamp": 1754644668.9459186,
  "saved_at": 1754645024.580819
}