{
  "id": "c47600ac-67dc-4535-b148-8e5c8e3c7393",
  "generation": 2,
  "iteration": 26,
  "current_iteration": 60,
  "metrics": {
    "runs_successfully": 1.0,
    "overall_score": 0.5,
    "combined_score": 0.35294117647058826,
    "avg_failures_per_task": 1.8333333333333333,
    "total_failures": 11.0,
    "successful_runs": 6.0
  },
  "language": "python",
  "timestamp": 1754655716.7545357,
  "saved_at": 1754656602.0280297
}