{
  "id": "92ab455c-33eb-4421-8556-941c618c71ed",
  "generation": 0,
  "iteration": 0,
  "current_iteration": 50,
  "metrics": {
    "runs_successfully": 1.0,
    "overall_score": 0.5,
    "combined_score": 0.13953488372093023,
    "avg_failures_per_task": 6.166666666666667,
    "total_failures": 37.0,
    "successful_runs": 6.0
  },
  "language": "python",
  "timestamp": 1759230597.224273,
  "saved_at": 1759230878.554327
}