{
  "id": "f063ab07-740f-41cf-85ea-2eb4112dc39e",
  "generation": 6,
  "iteration": 41,
  "current_iteration": 165,
  "metrics": {
    "runs_successfully": 1.0,
    "overall_score": 0.5,
    "combined_score": 0.6666666666666666,
    "avg_failures_per_task": 0.5,
    "total_failures": 3.0,
    "successful_runs": 6.0
  },
  "language": "python",
  "timestamp": 1754656609.6060276,
  "saved_at": 1754666260.7836194
}