{
  "id": "3b646dad-177d-48c7-b6dc-d4ce3bf63161",
  "generation": 4,
  "iteration": 57,
  "current_iteration": 70,
  "metrics": {
    "runs_successfully": 1.0,
    "overall_score": 0.5,
    "combined_score": 0.35294117647058826,
    "avg_failures_per_task": 1.8333333333333333,
    "total_failures": 11.0,
    "successful_runs": 6.0
  },
  "language": "python",
  "timestamp": 1754644110.625003,
  "saved_at": 1754644510.9708593
}