{
  "id": "7a962058-a985-4b7b-94c7-0af83b17c803",
  "generation": 2,
  "iteration": 41,
  "current_iteration": 60,
  "metrics": {
    "runs_successfully": 1.0,
    "overall_score": 0.5,
    "combined_score": 0.31578947368421056,
    "avg_failures_per_task": 2.1666666666666665,
    "total_failures": 13.0,
    "successful_runs": 6.0
  },
  "language": "python",
  "timestamp": 1754643508.774992,
  "saved_at": 1754644020.044255
}