{
  "id": "f18167a1-2267-4363-94ef-b5146804e481",
  "generation": 5,
  "iteration": 38,
  "current_iteration": 40,
  "metrics": {
    "runs_successfully": 1.0,
    "overall_score": 0.5,
    "combined_score": 0.3333333333333333,
    "avg_failures_per_task": 2.0,
    "total_failures": 12.0,
    "successful_runs": 6.0
  },
  "language": "python",
  "timestamp": 1754656411.1065004,
  "saved_at": 1754656569.61848
}