{
  "id": "95204407-5154-46e2-9bb5-329ed461bdba",
  "generation": 2,
  "iteration": 6,
  "current_iteration": 10,
  "metrics": {
    "runs_successfully": 1.0,
    "overall_score": 0.5,
    "combined_score": 0.15789473684210528,
    "avg_failures_per_task": 5.333333333333333,
    "total_failures": 32.0,
    "successful_runs": 6.0
  },
  "language": "python",
  "timestamp": 1754643466.0098267,
  "saved_at": 1754643678.4797354
}