{
  "id": "1f451222-ee8d-48c8-9db6-3aae2fe7139e",
  "generation": 4,
  "iteration": 13,
  "timestamp": 1754643894.7846847,
  "parent_id": "656d1464-7c19-4922-9bad-0d33b503b392",
  "metrics": {
    "runs_successfully": 1.0,
    "overall_score": 0.5,
    "combined_score": 0.5,
    "avg_failures_per_task": 7.0,
    "stage2_passed": 0.0,
    "timeout": true
  },
  "language": "python",
  "saved_at": 1754651131.7777925
}